{
  "mean": [
    198.16957605985039,
    9.97481296051693,
    7.478428933620824,
    23.232418908433353,
    2.4809226867768386,
    101.77057356608479,
    146.80423940149626,
    3.4627182063393462,
    93.66832917705736,
    229.14950100449553,
    1.1659600982382112,
    26.903990024937656,
    0.18901496325292047,
    0.19361596018252453,
    1.6946384062493531,
    8.728179551122194,
    0.04987531172069826,
    0.5423940149625935,
    0.10473815461346633,
    0.37531172069825436
  ],
  "std": [
    163.62542733601228,
    12.106692703947893,
    13.861977130773822,
    25.057033556829527,
    4.105199846583576,
    134.57921762804511,
    161.2343992553217,
    6.181691614465913,
    167.66743511325546,
    178.41266407530193,
    1.9197947440653294,
    108.91834782444958,
    0.2514583941480984,
    1.0719874998799241,
    5.478922083681617,
    23.42219951993824,
    0.21768731015257134,
    0.768016036800099,
    0.3690014749892251,
    0.6718708499330845
  ],
  "features": [
    "energi_kal",
    "protein_g",
    "lemak_g",
    "karbo_g",
    "serat_g",
    "kalsium_mg",
    "fosfor_mg",
    "besi_mg",
    "natrium_mg",
    "kalium_mg",
    "seng_mg",
    "retinol_mcg",
    "thiamin_mg",
    "riboflavin_mg",
    "niasin_mg",
    "vit_c_mg",
    "status_energi_enc",
    "status_protein_enc",
    "status_kalsium_enc",
    "status_besi_enc"
  ],
  "features_nutrisi": [
    "energi_kal",
    "protein_g",
    "lemak_g",
    "karbo_g",
    "serat_g",
    "kalsium_mg",
    "fosfor_mg",
    "besi_mg",
    "natrium_mg",
    "kalium_mg",
    "seng_mg",
    "retinol_mcg",
    "thiamin_mg",
    "riboflavin_mg",
    "niasin_mg",
    "vit_c_mg"
  ],
  "label_map": {
    "0": "Rendah",
    "1": "Cukup",
    "2": "Baik",
    "3": "Sangat Baik"
  },
  "quartiles": {
    "q25": 0.051425,
    "q50": 0.10439999999999999,
    "q75": 0.1647
  },
  "status_map": {
    "Kurang": 0,
    "Cukup": 1,
    "Lebih": 2
  }
}